{"cameraMode":{"drawMode":0,"name":"Shaded","section":"Shading Mode"},"sceneLighting":false,"audioPlay":false,"sceneViewState":{"showFog":true,"showMaterialUpdate":false,"showSkybox":false,"showFlares":true,"showImageEffects":true,"showParticleSystems":true},"in2DMode":false,"pivot":{"x":-0.21903610229492188,"y":-0.025936245918273927,"z":0.23679861426353455},"rotation":{"x":0.18161004781723023,"y":-0.7016398310661316,"z":0.19259290397167207,"w":0.661580502986908},"size":2.8578836917877199,"orthographic":false}