{"cameraMode":{"drawMode":0,"name":"Shaded","section":"Shading Mode"},"sceneLighting":false,"audioPlay":false,"sceneViewState":{"showFog":true,"showMaterialUpdate":false,"showSkybox":false,"showFlares":true,"showImageEffects":true,"showParticleSystems":true},"in2DMode":false,"pivot":{"x":0.1688833236694336,"y":1009.7610473632813,"z":0.255342960357666},"rotation":{"x":0.18141856789588929,"y":-0.5973424911499023,"z":0.14163272082805634,"w":0.7684672474861145},"size":4.889947891235352,"orthographic":false}