{"cameraMode":{"drawMode":0,"name":"Shaded","section":"Shading Mode"},"sceneLighting":false,"audioPlay":false,"sceneViewState":{"showFog":true,"showMaterialUpdate":false,"showSkybox":true,"showFlares":true,"showImageEffects":true,"showParticleSystems":true},"in2DMode":false,"pivot":{"x":-64.88240051269531,"y":998.3226318359375,"z":44.93094253540039},"rotation":{"x":0.07883195579051972,"y":-0.8253593444824219,"z":0.119235560297966,"w":0.5466036200523377},"size":4.8279242515563969,"orthographic":false}