{"cameraMode":{"drawMode":0,"name":"Shaded","section":"Shading Mode"},"sceneLighting":false,"audioPlay":false,"sceneViewState":{"showFog":true,"showMaterialUpdate":false,"showSkybox":false,"showFlares":true,"showImageEffects":true,"showParticleSystems":true},"in2DMode":false,"pivot":{"x":-0.0046320208348333839,"y":-0.15086843073368073,"z":1.3079402446746827},"rotation":{"x":-0.14899906516075135,"y":0.04329307749867439,"z":-0.006529505830258131,"w":-0.9878708124160767},"size":2.8578836917877199,"orthographic":false}